days,9.00,10.00,11.00,12.00,13.00,14.00,15.00,16.00
Mo,Dr. Annu Priya AIDS-IV_B2 ARD-202 A-106,Pal Ms. Geetanshi AIDS-IV_B2 ARM-206 A-106,Pal Ms. Geetanshi AIDS-IV_B2 ARM-206 A-106,Tyagi Ms. Himani AIDS-IV_B2 ARM-210 A-106,,Dr. Annu Priya AIDS-IV_B2 ARD-202 A-106,Kumar Mr. Anuj AIDS-IV_B2 ARD-204 A-106,Tripathi Dr. Atul AIDS-IV_B2 ARM-208 A-106
Tu,Singh Dr. Abhishek AIDS-IV_B2 ARD-212 A-106,Wadhwa Ms. Venika AIDS-IV_B2 HSAI-214 A-106,Kumar Mr. Anuj AIDS-IV_B2 ARM-252 AUB-03 Com Lab,Kumar Mr. Anuj AIDS-IV_B2 ARM-252 AUB-03 Com Lab,,Tripathi Dr. Atul AIDS-IV_B2 ARM-208 A-106,Tyagi Ms. Himani AIDS-IV_B2 ARM-210 A-106,Kumar Mr. Anuj AIDS-IV_B2 ARD-204 A-106
We,,Tyagi Ms. Himani AIDS-IV_B2 ARM-210 A-106,Wadhwa Ms. Venika AIDS-IV_B2 HSAI-214 A-106,Dr. Annu Priya AIDS-IV_B2 ARD-202 A-106,,Tripathi Dr. Atul AIDS-IV_B2 ARM-208 A-106,Singh Dr. Abhishek AIDS-IV_B2 ARD-212 A-106,Kumar Mr. Anuj AIDS-IV_B2 ARD-204 A-106
Th,,Tripathi Dr. Atul AIDS-IV_B2 ARM-208 A-106,Tripathi Dr. Atul AIDS-IV-B2-B ARM-254 A-204 Com Lab,Tripathi Dr. Atul AIDS-IV-B2-B ARM-254 A-204 Com Lab,,Singh Dr. Abhishek AIDS-IV_B2 ARD-212 A-106,Kharwal Ms. Riya AIDS-IV-B2-B ARM-256 A-204 Com Lab,Kharwal Ms. Riya AIDS-IV-B2-B ARM-256 A-204 Com Lab
Th,,,Kharwal Ms. Riya AIDS-IV-B2-A ARM-256 A-203 Com Lab,Kharwal Ms. Riya AIDS-IV-B2-A ARM-256 A-203 Com Lab,,,Tripathi Dr. Atul AIDS-IV-B2-A ARM-254 A-203 Com Lab,Tripathi Dr. Atul AIDS-IV-B2-A ARM-254 A-203 Com Lab
Fr,Singh Dr. Abhishek AIDS-IV_B2 ARM-258 A-204 Com Lab,Singh Dr. Abhishek AIDS-IV_B2 ARM-258 A-204 Com Lab,Dr. Annu Priya AIDS-IV_B2 ARD-202 A-106,Pal Ms. Geetanshi AIDS-IV_B2 ARM-206 A-106,,Tyagi Ms. Himani AIDS-IV_B2 ARM-210 A-106,Kumar Mr. Anuj AIDS-IV_B2 ARD-204 A-106,
