days,9.00,10.00,11.00,12.00,13.00,14.00,15.00,16.00
Mo,,Tyagi Ms. Himani AIDS-IV_B1 ARM-210 A-105,Kumar Mr. Anuj AIDS-IV_B1 ARD-204 A-105,Singh Dr. Abhishek AIDS-IV_B1 ARD-212 A-105,,Pal Ms. Geetanshi AIDS-IV_B1 ARM-206 A-105,Tripathi Dr. Atul AIDS-IV_B1 ARM-208 A-105,
Tu,Tripathi Dr. Atul AIDS-IV-B1-B ARM-254 AUB-03 Com Lab,Tripathi Dr. Atul AIDS-IV-B1-B ARM-254 AUB-03 Com Lab,Tripathi Dr. Atul AIDS-IV_B1 ARM-208 A-105,Wadhwa Ms. Venika AIDS-IV_B1 HSAI-214 A-105,,Tyagi Ms. Himani AIDS-IV_B1 ARM-210 A-105,Kumar Mr. Anuj AIDS-IV_B1 ARD-204 A-105,Singh Dr. Abhishek AIDS-IV_B1 ARD-212 A-105
Tu,Tyagi Ms. Himani AIDS-IV-B1-A ARM-256 AUB-04 Com Lab,Tyagi Ms. Himani AIDS-IV-B1-A ARM-256 AUB-04 Com Lab,,,,,,
We,Tyagi Ms. Himani AIDS-IV_B1 ARM-210 A-105,Singh Dr. Abhishek AIDS-IV_B1 ARD-212 A-105,Kaur Prof. Arvinder AIDS-IV_B1 ARD-202 A-105,Kaur Prof. Arvinder AIDS-IV_B1 ARD-202 A-105,Kumar Mr. Anuj AIDS-IV_B1 ARD-204 A-105,,Tyagi Ms. Himani AIDS-IV-B1-B ARM-256 AUB-03 Com Lab,Tyagi Ms. Himani AIDS-IV-B1-B ARM-256 AUB-03 Com Lab
We,,,,,,,Tripathi Dr. Atul AIDS-IV-B1-A ARM-254 AUB-04 Com Lab,Tripathi Dr. Atul AIDS-IV-B1-A ARM-254 AUB-04 Com Lab
Th,Tripathi Dr. Atul AIDS-IV_B1 ARM-208 A-105,Kumar Mr. Anuj AIDS-IV_B1 ARD-204 A-105,Kaur Prof. Arvinder AIDS-IV_B1 ARD-202 A-105,Kaur Prof. Arvinder AIDS-IV_B1 ARD-202 A-105,,Pal Ms. Geetanshi AIDS-IV_B1 ARM-206 A-105,Kumar Mr. Anuj AIDS-IV_B1 ARM-252 A-007 Com Lab,Kumar Mr. Anuj AIDS-IV_B1 ARM-252 A-007 Com Lab
Fr,Tripathi Dr. Atul AIDS-IV_B1 ARM-208 A-105,Wadhwa Ms. Venika AIDS-IV_B1 HSAI-214 A-105,Tyagi Ms. Himani AIDS-IV_B1 ARM-210 A-105,Singh Dr. Abhishek AIDS-IV_B1 ARM-258 A-203 Com Lab,Singh Dr. Abhishek AIDS-IV_B1 ARM-258 A-203 Com Lab,,Pal Ms. Geetanshi AIDS-IV_B1 ARM-206 A-105,
