days,9.00,10.00,11.00,12.00,13.00,14.00,15.00,16.00
Mo,Chopra Dr. Khyati IIOT-IV_B1 ARI-202 A-201,Aggarwal Prof. Abha IIOT-IV_B1 ARI-212 A-201,Singh Dr. Sakshi IIOT-IV_B1 ARA-206 A-201,,Dalal Dr. Renu IIOT-IV_B1-A ARI-256 AUB-03 Com Lab,Dalal Dr. Renu IIOT-IV_B1-A ARI-256 AUB-03 Com Lab,Anand Dr. Sourabh IIOT-IV_B1 ARI-208 A-201,Shankar Dr. Shashi IIOT-IV_B1 ARI-210 A-201
Mo,,,,,Singh Dr Rohit IIOT-IV_B1-B ARI-254 A-203 Com Lab,Singh Dr Rohit IIOT-IV_B1-B ARI-254 A-203 Com Lab,,
Tu,Chopra Dr. Khyati IIOT-IV_B1 ARI-252 A-507 IIOT Lab,Chopra Dr. Khyati IIOT-IV_B1 ARI-252 A-507 IIOT Lab,Anand Dr. Sourabh IIOT-IV_B1 ARI-208 A-201,,Singh Dr Rohit IIOT-IV_B1 ARI-204 A-201,Jindal Ms. Kanika IIOT-IV_B1 MSAR-214 A-201,Singh Dr Rohit IIOT-IV_B1-A ARI-254 A-007 Com Lab,Singh Dr Rohit IIOT-IV_B1-A ARI-254 A-007 Com Lab
Tu,,,,,,,Dalal Dr. Renu IIOT-IV_B1-B ARI-256 A-204 Com Lab,Dalal Dr. Renu IIOT-IV_B1-B ARI-256 A-204 Com Lab
We,Anand Dr. Sourabh IIOT-IV_B1 ARI-208 A-201,Singh Dr Rohit IIOT-IV_B1 ARI-204 A-201,Aggarwal Prof. Abha IIOT-IV_B1 ARI-212 A-201,,Singh Dr. Sakshi IIOT-IV_B1 ARA-206 A-201,Chopra Dr. Khyati IIOT-IV_B1 ARI-202 A-201,Shankar Dr. Shashi IIOT-IV_B1 ARI-210 A-201,
Th,Kumar Dr. Ghanendra IIOT-IV_B1 ARI-258 A-204 Com Lab,Kumar Dr. Ghanendra IIOT-IV_B1 ARI-258 A-204 Com Lab,Singh Dr. Sakshi IIOT-IV_B1 ARA-206 A-201,,Anand Dr. Sourabh IIOT-IV_B1 ARI-208 A-201,Aggarwal Prof. Abha IIOT-IV_B1 ARI-212 A-201,Jindal Ms. Kanika IIOT-IV_B1 MSAR-214 A-201,Singh Dr Rohit IIOT-IV_B1 ARI-204 A-201
Fr,Shankar Dr. Shashi IIOT-IV_B1 ARI-210 A-201,Shankar Dr. Shashi IIOT-IV_B1 ARI-210 A-201,Chopra Dr. Khyati IIOT-IV_B1 ARI-202 A-201,,Singh Dr. Sakshi IIOT-IV_B1 ARA-206 A-201,Aggarwal Prof. Abha IIOT-IV_B1 ARI-212 A-201,Singh Dr Rohit IIOT-IV_B1 ARI-204 A-201,
